{"misc": {"corr": 0.9830562826039347, "rmse": 4.440992770367077}, "ref_regrid": {"std": 20.616660021608105, "max": 152.76734404387298, "mean": 54.39271742750032, "min": 13.313242899930035}, "test_regrid": {"std": 20.29991202411979, "max": 148.35315286141855, "mean": 52.060413674212036, "min": 11.68853177494473}, "test": {"max": 148.35315286141855, "mean": 52.060413674212036, "min": 11.68853177494473}, "diff": {"max": 16.02387294062862, "mean": -2.3323037532882847, "min": -23.804548503734452}, "ref": {"max": 152.76734404387298, "mean": 54.39271742750032, "min": 13.313242899930035}, "unit": "W/m2"}