{"misc": {"corr": 0.9868648719159607, "rmse": 4.542429125270601}, "ref_regrid": {"std": 24.29314211664385, "max": 165.07694758539614, "mean": 55.89237800052003, "min": 5.065905368522458}, "test_regrid": {"std": 23.969354335670516, "max": 161.1586937835251, "mean": 53.60504507747256, "min": 2.9593784059735313}, "test": {"max": 161.1586937835251, "mean": 53.60504507747256, "min": 2.9593784059735313}, "diff": {"max": 15.576013869133547, "mean": -2.2873329230474813, "min": -24.683871628581613}, "ref": {"max": 165.07694758539614, "mean": 55.89237800052003, "min": 5.065905368522458}, "unit": "W/m2"}