{"misc": {"corr": 0.985183348607344, "rmse": 4.262691070306949}, "ref_regrid": {"std": 21.000026888998896, "max": 143.17849562824637, "mean": 56.17458756071706, "min": 11.78083702792292}, "test_regrid": {"std": 20.93056188031239, "max": 139.40941310274428, "mean": 53.90729449082536, "min": 11.728246203367261}, "test": {"max": 139.40941310274428, "mean": 53.90729449082536, "min": 11.728246203367261}, "diff": {"max": 23.338725794916556, "mean": -2.2672930698917098, "min": -22.834961822067484}, "ref": {"max": 143.17849562824637, "mean": 56.17458756071706, "min": 11.78083702792292}, "unit": "W/m2"}