{"misc": {"corr": 0.9934301932835878, "rmse": 3.2412695662797524}, "ref_regrid": {"std": 19.908842079433338, "max": 137.59803227812188, "mean": 55.64081737946849, "min": 17.83135035440802}, "test_regrid": {"std": 19.48502287954652, "max": 134.39765563686146, "mean": 53.35410990204617, "min": 13.633702198446613}, "test": {"max": 134.39765563686146, "mean": 53.35410990204617, "min": 13.633702198446613}, "diff": {"max": 10.024388209652145, "mean": -2.286707477422313, "min": -15.07131723203615}, "ref": {"max": 137.59803227812188, "mean": 55.64081737946849, "min": 17.83135035440802}, "unit": "W/m2"}