{"misc": {"corr": 0.9866870676535511, "rmse": 4.3245060944196885}, "ref_regrid": {"std": 22.08180604422559, "max": 152.0072514460637, "mean": 56.08124113623245, "min": 16.311659701141245}, "test_regrid": {"std": 20.95447136977495, "max": 151.8485861977378, "mean": 53.8206334426853, "min": 12.305758083259667}, "test": {"max": 151.8485861977378, "mean": 53.8206334426853, "min": 12.305758083259667}, "diff": {"max": 16.221406272916134, "mean": -2.260607693547178, "min": -26.57425365517865}, "ref": {"max": 152.0072514460637, "mean": 56.08124113623245, "min": 16.311659701141245}, "unit": "W/m2"}