{"misc": {"corr": 0.9962228394840681, "rmse": 3.4554375788920626}, "ref_regrid": {"std": 31.36737132786717, "max": 299.7761666633223, "mean": 241.51643493406647, "min": 124.14898588973094}, "test_regrid": {"std": 30.629197397173872, "max": 299.3550741674693, "mean": 239.48240489148088, "min": 125.98707239159711}, "test": {"max": 299.3550741674693, "mean": 239.48240489148088, "min": 125.98707239159711}, "diff": {"max": 9.788808577028021, "mean": -2.034030042585593, "min": -17.03232516632775}, "ref": {"max": 299.7761666633223, "mean": 241.51643493406647, "min": 124.14898588973094}, "unit": "W/m2"}