{"misc": {"corr": 0.9899840880689118, "rmse": 5.52309743594357}, "ref_regrid": {"std": 36.09178075909703, "max": 331.1185896500297, "mean": 243.84354357374787, "min": 97.91139992423679}, "test_regrid": {"std": 35.68948356603013, "max": 336.75979813285494, "mean": 241.71285595984247, "min": 100.46645880436552}, "test": {"max": 336.75979813285494, "mean": 241.71285595984247, "min": 100.46645880436552}, "diff": {"max": 28.636119731958388, "mean": -2.1306876139053967, "min": -29.58743324832639}, "ref": {"max": 331.1185896500297, "mean": 243.84354357374787, "min": 97.91139992423679}, "unit": "W/m2"}