{"misc": {"corr": 0.9910615458045287, "rmse": 5.096166540389711}, "ref_regrid": {"std": 33.65390422344876, "max": 310.98045611818196, "mean": 242.18017885111698, "min": 122.15329161144439}, "test_regrid": {"std": 32.623533338774216, "max": 309.8127245780749, "mean": 239.88191301136743, "min": 121.53964638622689}, "test": {"max": 309.8127245780749, "mean": 239.88191301136743, "min": 121.53964638622689}, "diff": {"max": 19.9205337915665, "mean": -2.2982658397495515, "min": -27.05582117772363}, "ref": {"max": 310.98045611818196, "mean": 242.18017885111698, "min": 122.15329161144439}, "unit": "W/m2"}