{"misc": {"corr": 0.9895940762775164, "rmse": 5.177391435466762}, "ref_regrid": {"std": 33.73452662488549, "max": 308.03957013116366, "mean": 240.28256272390354, "min": 113.65590969030409}, "test_regrid": {"std": 33.32769663688025, "max": 304.94538746709406, "mean": 238.48221976260567, "min": 116.03186198248379}, "test": {"max": 304.94538746709406, "mean": 238.48221976260567, "min": 116.03186198248379}, "diff": {"max": 22.461843739385188, "mean": -1.8003429612979005, "min": -25.314936817556173}, "ref": {"max": 308.03957013116366, "mean": 240.28256272390354, "min": 113.65590969030409}, "unit": "W/m2"}