{"misc": {"corr": 0.9878914937243242, "rmse": 5.797601872985436}, "ref_regrid": {"std": 35.05945524413353, "max": 304.2604405155888, "mean": 239.72778551220762, "min": 146.38344579626013}, "test_regrid": {"std": 34.011002007132234, "max": 308.47376708984376, "mean": 237.8208526098984, "min": 150.3977687129268}, "test": {"max": 308.47376708984376, "mean": 237.8208526098984, "min": 150.3977687129268}, "diff": {"max": 19.9926176848235, "mean": -1.906932902309211, "min": -32.541661862973825}, "ref": {"max": 304.2604405155888, "mean": 239.72778551220762, "min": 146.38344579626013}, "unit": "W/m2"}