{"misc": {"corr": 0.998236738447522, "rmse": 7.24111863460679}, "ref_regrid": {"std": 120.23019458243456, "max": 432.9631653962312, "mean": 246.91338949458958, "min": 0.0}, "test_regrid": {"std": 120.26047315411022, "max": 435.90651154694734, "mean": 245.7121001891283, "min": 0.0}, "test": {"max": 435.90651154694734, "mean": 245.7121001891283, "min": 0.0}, "diff": {"max": 79.74258728027345, "mean": -1.2012893054612652, "min": -34.18415114791304}, "ref": {"max": 432.9631653962312, "mean": 246.91338949458958, "min": 0.0}, "unit": "W/m2"}