{"misc": {"corr": 0.996061791591825, "rmse": 8.432833888301959}, "ref_regrid": {"std": 90.50766782204278, "max": 344.6506924099392, "mean": 169.6889054113668, "min": 0.0}, "test_regrid": {"std": 90.30636456698704, "max": 345.88874093514903, "mean": 167.10145224492035, "min": 0.0}, "test": {"max": 345.88874093514903, "mean": 167.10145224492035, "min": 0.0}, "diff": {"max": 85.75804177743417, "mean": -2.5874531664464397, "min": -37.77733001708984}, "ref": {"max": 344.6506924099392, "mean": 169.6889054113668, "min": 0.0}, "unit": "W/m2"}