{"misc": {"corr": 0.9948115181344794, "rmse": 9.890110212453171}, "ref_regrid": {"std": 82.28338789182729, "max": 318.88959016661715, "mean": 159.8231054697895, "min": 0.0}, "test_regrid": {"std": 79.44605270718141, "max": 315.8688667407934, "mean": 155.14030082149395, "min": 0.0}, "test": {"max": 315.8688667407934, "mean": 155.14030082149395, "min": 0.0}, "diff": {"max": 34.23624717325404, "mean": -4.682804648295555, "min": -50.541037269260585}, "ref": {"max": 318.88959016661715, "mean": 159.8231054697895, "min": 0.0}, "unit": "W/m2"}