{"misc": {"corr": 0.9969180814766796, "rmse": 6.30314204736136}, "ref_regrid": {"std": 64.61826554853276, "max": 272.18491658249945, "mean": 165.5095486477118, "min": 16.237061473934755}, "test_regrid": {"std": 63.277352381718444, "max": 269.798165754205, "mean": 161.94185945793836, "min": 17.760888661442355}, "test": {"max": 269.798165754205, "mean": 161.94185945793836, "min": 17.760888661442355}, "diff": {"max": 24.85985175754925, "mean": -3.5676891897734433, "min": -28.324920988736096}, "ref": {"max": 272.18491658249945, "mean": 165.5095486477118, "min": 16.237061473934755}, "unit": "W/m2"}