{"misc": {"corr": 0.9987534080711837, "rmse": 4.328667487463727}, "ref_regrid": {"std": 80.62118445016493, "max": 361.77852897469853, "mean": 241.5443841509519, "min": 50.339607569289534}, "test_regrid": {"std": 80.11701694818419, "max": 360.20919264701945, "mean": 240.0018596986303, "min": 48.25681780201115}, "test": {"max": 360.20919264701945, "mean": 240.0018596986303, "min": 48.25681780201115}, "diff": {"max": 22.624266193337633, "mean": -1.5425244523215875, "min": -23.171864047115776}, "ref": {"max": 361.77852897469853, "mean": 241.5443841509519, "min": 50.339607569289534}, "unit": "W/m2"}