{"misc": {"corr": 0.997888732070752, "rmse": 6.367086684088033}, "ref_regrid": {"std": 95.38901368977497, "max": 391.8276850103022, "mean": 243.04482955688292, "min": 9.89879398555546}, "test_regrid": {"std": 94.85143979910268, "max": 389.5646246047247, "mean": 241.61437182248062, "min": 10.040758363493197}, "test": {"max": 389.5646246047247, "mean": 241.61437182248062, "min": 10.040758363493197}, "diff": {"max": 32.4209926730984, "mean": -1.4304577344023077, "min": -30.4589037772937}, "ref": {"max": 391.8276850103022, "mean": 243.04482955688292, "min": 9.89879398555546}, "unit": "W/m2"}