{"misc": {"corr": 0.9978573317964858, "rmse": 7.69121713990103}, "ref_regrid": {"std": 111.41275650416927, "max": 411.154522218566, "mean": 235.80076414112176, "min": 0.0}, "test_regrid": {"std": 109.94521543789278, "max": 411.41937443829966, "mean": 233.67737648603864, "min": 0.0}, "test": {"max": 411.41937443829966, "mean": 233.67737648603864, "min": 0.0}, "diff": {"max": 34.294191332830906, "mean": -2.123387655083128, "min": -44.031121958857}, "ref": {"max": 411.154522218566, "mean": 235.80076414112176, "min": 0.0}, "unit": "W/m2"}