{"misc": {"corr": 0.9951740276427946, "rmse": 8.279002925319052}, "ref_regrid": {"std": 76.22406627755475, "max": 300.72430099266165, "mean": 165.2057324479331, "min": 1.923808431279832}, "test_regrid": {"std": 75.21108907108234, "max": 291.437682663185, "mean": 161.71543437258842, "min": 1.7973129490147466}, "test": {"max": 291.437682663185, "mean": 161.71543437258842, "min": 1.7973129490147466}, "diff": {"max": 30.789421357970298, "mean": -3.4902980753446973, "min": -33.92148667487544}, "ref": {"max": 300.72430099266165, "mean": 165.2057324479331, "min": 1.923808431279832}, "unit": "W/m2"}