{"misc": {"corr": 0.9951074902063137, "rmse": 8.355336220401785}, "ref_regrid": {"std": 75.24326133711453, "max": 308.03926930410086, "mean": 167.43220528528926, "min": 2.1900434060288325}, "test_regrid": {"std": 73.33160505069564, "max": 303.75411428374684, "mean": 163.94417980493515, "min": 2.562116292284396}, "test": {"max": 303.75411428374684, "mean": 163.94417980493515, "min": 2.562116292284396}, "diff": {"max": 37.52828445714036, "mean": -3.4880254803541106, "min": -35.742162571721906}, "ref": {"max": 308.03926930410086, "mean": 167.43220528528926, "min": 2.1900434060288325}, "unit": "W/m2"}