{"misc": {"corr": 0.9977902072070827, "rmse": 6.5638902567331625}, "ref_regrid": {"std": 96.49352933037586, "max": 389.01685510165447, "mean": 240.55158010787866, "min": 6.7228634322898975}, "test_regrid": {"std": 96.32030791834248, "max": 384.4188938970151, "mean": 239.14525326540468, "min": 6.556347743324611}, "test": {"max": 384.4188938970151, "mean": 239.14525326540468, "min": 6.556347743324611}, "diff": {"max": 29.182613289874553, "mean": -1.4063268424739983, "min": -26.84308220683664}, "ref": {"max": 389.01685510165447, "mean": 240.55158010787866, "min": 6.7228634322898975}, "unit": "W/m2"}