{"misc": {"corr": 0.9635374316823444, "rmse": 3.493695889382481}, "ref_regrid": {"std": 13.048641278074031, "max": 111.17927802788033, "mean": 24.325108188291896, "min": -1.3710479953295582}, "test_regrid": {"std": 12.694848985593044, "max": 101.30865688114376, "mean": 24.350689654326047, "min": -0.6858153838558538}, "test": {"max": 101.30865688114376, "mean": 24.350689654326047, "min": -0.6858153838558538}, "diff": {"max": 19.625981956174524, "mean": 0.02558146603414881, "min": -20.026885860568882}, "ref": {"max": 111.17927802788033, "mean": 24.325108188291896, "min": -1.3710479953295582}, "unit": "W/m2"}