{"misc": {"corr": 0.9806304513448814, "rmse": 2.1202817772275684}, "ref_regrid": {"std": 10.804447340924735, "max": 84.99382486931265, "mean": 24.39157868292924, "min": -1.1817872783024561}, "test_regrid": {"std": 10.724393397105048, "max": 77.47321951879213, "mean": 24.370538986819337, "min": -0.6171068808939904}, "test": {"max": 77.47321951879213, "mean": 24.370538986819337, "min": -0.6171068808939904}, "diff": {"max": 10.796103934936873, "mean": -0.021039696109899215, "min": -10.145187764625021}, "ref": {"max": 84.99382486931265, "mean": 24.39157868292924, "min": -1.1817872783024561}, "unit": "W/m2"}