{"misc": {"corr": 0.9628224754325501, "rmse": 3.9989020924864147}, "ref_regrid": {"std": 14.73754007000917, "max": 93.57605192396376, "mean": 23.696979850929825, "min": 0.1732193108648062}, "test_regrid": {"std": 14.519437554062785, "max": 97.24364197342484, "mean": 23.878905327986754, "min": 0.6023359517118445}, "test": {"max": 97.24364197342484, "mean": 23.878905327986754, "min": 0.6023359517118445}, "diff": {"max": 23.685834683312315, "mean": 0.18192547705692394, "min": -17.448953826339164}, "ref": {"max": 93.57605192396376, "mean": 23.696979850929825, "min": 0.1732193108648062}, "unit": "W/m2"}