{"misc": {"corr": 0.964689207454362, "rmse": 3.9108208934966986}, "ref_regrid": {"std": 14.437585439722065, "max": 110.5933567268261, "mean": 24.893596018404647, "min": -2.9398525149925896}, "test_regrid": {"std": 14.819931330964826, "max": 109.3165392668351, "mean": 24.699037296007745, "min": -2.505306859379229}, "test": {"max": 109.3165392668351, "mean": 24.699037296007745, "min": -2.505306859379229}, "diff": {"max": 21.67373929507491, "mean": -0.19455872239690106, "min": -27.03650066818016}, "ref": {"max": 110.5933567268261, "mean": 24.893596018404647, "min": -2.9398525149925896}, "unit": "W/m2"}