{"misc": {"corr": 0.9515607189480842, "rmse": 3.8322496115449654}, "ref_regrid": {"std": 12.380408429195075, "max": 98.42150204423545, "mean": 24.634808194105414, "min": -3.4501263775687288}, "test_regrid": {"std": 12.214601853900632, "max": 99.81103134155273, "mean": 24.542620227107275, "min": -2.7726690373990848}, "test": {"max": 99.81103134155273, "mean": 24.542620227107275, "min": -2.7726690373990848}, "diff": {"max": 17.979647277058035, "mean": -0.0921879669981414, "min": -21.181584524071738}, "ref": {"max": 98.42150204423545, "mean": 24.634808194105414, "min": -3.4501263775687288}, "unit": "W/m2"}