{"misc": {"corr": 0.9867081417845819, "rmse": 5.520964511632242}, "ref_regrid": {"std": 31.085017763131447, "max": 48.75195706685384, "mean": -26.794023670518474, "min": -147.00771184850623}, "test_regrid": {"std": 32.50582788906562, "max": 51.1579325499358, "mean": -28.059323891892248, "min": -146.3779594703957}, "test": {"max": 51.1579325499358, "mean": -28.059323891892248, "min": -146.3779594703957}, "diff": {"max": 19.71197338104248, "mean": -1.265300221373779, "min": -41.08933853573269}, "ref": {"max": 48.75195706685384, "mean": -26.794023670518474, "min": -147.00771184850623}, "unit": "W/m2"}