{"misc": {"corr": 0.9798318934247683, "rmse": 3.3425254290890694}, "ref_regrid": {"std": 14.21981401831723, "max": 13.23271645498058, "mean": -22.875209770363817, "min": -67.39804684713006}, "test_regrid": {"std": 14.64148009521016, "max": 12.621824718719203, "mean": -24.48664072577616, "min": -66.00863253101366}, "test": {"max": 12.621824718719203, "mean": -24.48664072577616, "min": -66.00863253101366}, "diff": {"max": 10.28482548308699, "mean": -1.6114309554123396, "min": -17.940099256332605}, "ref": {"max": 13.23271645498058, "mean": -22.875209770363817, "min": -67.39804684713006}, "unit": "W/m2"}