{"misc": {"corr": 0.9645614137455232, "rmse": 5.1693063039406}, "ref_regrid": {"std": 17.324875301520294, "max": 22.24814890433049, "mean": -19.972057005352937, "min": -84.63760605411252}, "test_regrid": {"std": 18.541400272284662, "max": 24.00889671712682, "mean": -21.544984670243622, "min": -90.34385887090711}, "test": {"max": 24.00889671712682, "mean": -21.544984670243622, "min": -90.34385887090711}, "diff": {"max": 25.79992819523466, "mean": -1.5729276648906856, "min": -59.06109480926956}, "ref": {"max": 22.24814890433049, "mean": -19.972057005352937, "min": -84.63760605411252}, "unit": "W/m2"}