{"misc": {"corr": 0.9708699281640978, "rmse": 5.4826039296949824}, "ref_regrid": {"std": 21.390788627990272, "max": 21.819625547080687, "mean": -23.35029373922483, "min": -95.53529355115506}, "test_regrid": {"std": 21.96635028957276, "max": 22.917532037029336, "mean": -24.884093173473193, "min": -90.98709162338312}, "test": {"max": 22.917532037029336, "mean": -24.884093173473193, "min": -90.98709162338312}, "diff": {"max": 14.267716068924567, "mean": -1.5337994342483594, "min": -49.47228866968399}, "ref": {"max": 21.819625547080687, "mean": -23.35029373922483, "min": -95.53529355115506}, "unit": "W/m2"}