{"misc": {"corr": 0.9812136888033364, "rmse": 5.990638767511266}, "ref_regrid": {"std": 27.834182055012985, "max": 32.63061456403871, "mean": -21.474820229067408, "min": -135.26606590160426}, "test_regrid": {"std": 28.980568255105506, "max": 30.88640186752098, "mean": -23.540148328146973, "min": -128.90637533215508}, "test": {"max": 30.88640186752098, "mean": -23.540148328146973, "min": -128.90637533215508}, "diff": {"max": 26.12299089846404, "mean": -2.065328099079567, "min": -54.31309921845146}, "ref": {"max": 32.63061456403871, "mean": -21.474820229067408, "min": -135.26606590160426}, "unit": "W/m2"}