{"misc": {"corr": 0.9534420685661941, "rmse": 0.7340907892687634}, "ref_regrid": {"std": 2.419979977675868, "max": 20.961170438407123, "mean": 3.0453139568621963, "min": 0.00611320484544387}, "test_regrid": {"std": 2.3851114271133875, "max": 18.725213914677717, "mean": 3.0306175926483054, "min": 0.001267550961911447}, "test": {"max": 18.725213914677717, "mean": 3.0306175926483054, "min": 0.001267550961911447}, "diff": {"max": 3.5711461694344235, "mean": -0.014696364213891203, "min": -5.105826310057571}, "ref": {"max": 20.961170438407123, "mean": 3.0453139568621963, "min": 0.00611320484544387}, "unit": "mm/day"}