{"misc": {"corr": 0.9610380071340229, "rmse": 0.8010821671989937}, "ref_regrid": {"std": 2.8722061390039904, "max": 32.003982488659844, "mean": 3.1312709485316566, "min": 0.00012336005507121076}, "test_regrid": {"std": 2.8630831061844284, "max": 27.666933667832527, "mean": 3.1020811941410327, "min": 5.9790809605544425e-05}, "test": {"max": 27.666933667832527, "mean": 3.1020811941410327, "min": 5.9790809605544425e-05}, "diff": {"max": 4.706413662951926, "mean": -0.029189754390623594, "min": -6.404229204723801}, "ref": {"max": 32.003982488659844, "mean": 3.1312709485316566, "min": 0.00012336005507121076}, "unit": "mm/day"}