{"misc": {"corr": 0.9549530659811784, "rmse": 0.8716164923678875}, "ref_regrid": {"std": 2.8815914511827003, "max": 26.93211208626076, "mean": 3.0757945147379195, "min": 0.0009942164143560861}, "test_regrid": {"std": 2.9204969009277804, "max": 28.47727976904975, "mean": 3.076576321021111, "min": 0.002823679131682541}, "test": {"max": 28.47727976904975, "mean": 3.076576321021111, "min": 0.002823679131682541}, "diff": {"max": 5.379913488251191, "mean": 0.0007818062831908796, "min": -5.0377183243080434}, "ref": {"max": 26.93211208626076, "mean": 3.0757945147379195, "min": 0.0009942164143560861}, "unit": "mm/day"}