{"misc": {"corr": 0.9807152439309533, "rmse": 0.4292371006015005}, "ref_regrid": {"std": 2.191681814508861, "max": 20.13827391215111, "mean": 3.074977979622705, "min": 0.03442341397052894}, "test_regrid": {"std": 2.1701897542999613, "max": 17.07127600021014, "mean": 3.056760237241836, "min": 0.018590860520585197}, "test": {"max": 17.07127600021014, "mean": 3.056760237241836, "min": 0.018590860520585197}, "diff": {"max": 2.4066251290851532, "mean": -0.018217742380868145, "min": -3.292534862152518}, "ref": {"max": 20.13827391215111, "mean": 3.074977979622705, "min": 0.03442341397052894}, "unit": "mm/day"}