{"misc": {"corr": 0.9631339956118922, "rmse": 0.7459338176409482}, "ref_regrid": {"std": 2.7705797680623774, "max": 30.337689864329803, "mean": 3.047248845490548, "min": 0.004925960569980217}, "test_regrid": {"std": 2.6660163917531436, "max": 23.841912356925096, "mean": 3.017772849634628, "min": 0.002195115144736569}, "test": {"max": 23.841912356925096, "mean": 3.017772849634628, "min": 0.002195115144736569}, "diff": {"max": 4.472982449409289, "mean": -0.02947599585591964, "min": -6.495777507404707}, "ref": {"max": 30.337689864329803, "mean": 3.047248845490548, "min": 0.004925960569980217}, "unit": "mm/day"}