{"misc": {"corr": 0.9966431500823296, "rmse": 0.9799810799327496}, "ref_regrid": {"std": 10.072323612312735, "max": 1024.662132284086, "mean": 1011.1833043814972, "min": 973.2353263680793}, "test_regrid": {"std": 10.562385543365853, "max": 1026.2603789307755, "mean": 1011.2604192199481, "min": 971.3907654087293}, "test": {"max": 1026.2603789307755, "mean": 1011.2604192199481, "min": 971.3907654087293}, "diff": {"max": 2.8844412747039314, "mean": 0.07711483845079616, "min": -6.104610133062124}, "ref": {"max": 1024.662132284086, "mean": 1011.1833043814972, "min": 973.2353263680793}, "unit": "mbar"}