{"misc": {"corr": 0.988729032495486, "rmse": 1.7133082784913016}, "ref_regrid": {"std": 10.171050200293497, "max": 1038.993366156684, "mean": 1011.3914552481594, "min": 979.359088812934}, "test_regrid": {"std": 10.840316202350838, "max": 1038.0158542209201, "mean": 1011.4372059228497, "min": 975.0745447229456}, "test": {"max": 1038.0158542209201, "mean": 1011.4372059228497, "min": 975.0745447229456}, "diff": {"max": 6.186424877025502, "mean": 0.04575067469039989, "min": -8.03781580041948}, "ref": {"max": 1038.993366156684, "mean": 1011.3914552481594, "min": 979.359088812934}, "unit": "mbar"}