{"misc": {"corr": 0.9894983132148254, "rmse": 1.681886072305333}, "ref_regrid": {"std": 11.293804292503372, "max": 1028.965859661172, "mean": 1011.1144696166326, "min": 970.1626660692823}, "test_regrid": {"std": 11.56903097199828, "max": 1029.8275401356457, "mean": 1011.2078743553536, "min": 967.08642466339}, "test": {"max": 1029.8275401356457, "mean": 1011.2078743553536, "min": 967.08642466339}, "diff": {"max": 5.721661354595881, "mean": 0.09340473872116149, "min": -6.883741888807776}, "ref": {"max": 1028.965859661172, "mean": 1011.1144696166326, "min": 970.1626660692823}, "unit": "mbar"}