{"misc": {"corr": 0.9901338901507583, "rmse": 1.6057185766838555}, "ref_regrid": {"std": 9.505708403417122, "max": 1025.7257270260134, "mean": 1011.2355309697157, "min": 971.9200569926828}, "test_regrid": {"std": 10.30629223696771, "max": 1026.0207833552706, "mean": 1011.3007962901263, "min": 969.6529863882756}, "test": {"max": 1026.0207833552706, "mean": 1011.3007962901263, "min": 969.6529863882756}, "diff": {"max": 7.489763342815991, "mean": 0.06526532041054409, "min": -7.502733313519116}, "ref": {"max": 1025.7257270260134, "mean": 1011.2355309697157, "min": 971.9200569926828}, "unit": "mbar"}