{"misc": {"corr": 0.9920812168760604, "rmse": 1.414280200962565}, "ref_regrid": {"std": 11.071176321396702, "max": 1028.7255965523098, "mean": 1010.9955385063558, "min": 967.4881728904835}, "test_regrid": {"std": 11.22000097315831, "max": 1028.9861821713655, "mean": 1011.0990723608235, "min": 970.8325478374094}, "test": {"max": 1028.9861821713655, "mean": 1011.0990723608235, "min": 970.8325478374094}, "diff": {"max": 5.542277902796741, "mean": 0.10353385446748796, "min": -5.769143367159131}, "ref": {"max": 1028.7255965523098, "mean": 1010.9955385063558, "min": 967.4881728904835}, "unit": "mbar"}