{"misc": {"corr": 0.9984678907589478, "rmse": 4.922512501189179}, "ref_regrid": {"std": 88.5343031140578, "max": 126.59927666705588, "mean": -7.91518734582062, "min": -179.48096366550612}, "test_regrid": {"std": 87.9179260026648, "max": 127.62066053307575, "mean": -7.9056535713149145, "min": -178.29134518167248}, "test": {"max": 127.62066053307575, "mean": -7.9056535713149145, "min": -178.29134518167248}, "diff": {"max": 27.628543853759766, "mean": 0.009533774505721623, "min": -33.03358415244281}, "ref": {"max": 126.59927666705588, "mean": -7.91518734582062, "min": -179.48096366550612}, "unit": "W/m2"}