{"misc": {"corr": 0.9978792835464194, "rmse": 4.629565621471784}, "ref_regrid": {"std": 70.80485258031162, "max": 99.33910264830658, "mean": 0.4072724223890843, "min": -166.83348232766858}, "test_regrid": {"std": 70.84298553654456, "max": 101.45580745088881, "mean": 0.8025964863425902, "min": -166.1190214295318}, "test": {"max": 101.45580745088881, "mean": 0.8025964863425902, "min": -166.1190214295318}, "diff": {"max": 32.50140897778497, "mean": 0.3953240639535092, "min": -20.49303521971772}, "ref": {"max": 99.33910264830658, "mean": 0.4072724223890843, "min": -166.83348232766858}, "unit": "W/m2"}