{"misc": {"corr": 0.9977527071536797, "rmse": 4.8766554123871}, "ref_regrid": {"std": 71.29191323355235, "max": 107.43585976401528, "mean": 1.000080362222993, "min": -182.70606631324404}, "test_regrid": {"std": 71.58454185364945, "max": 105.12102891411973, "mean": 1.8709836933788422, "min": -180.78230989896335}, "test": {"max": 105.12102891411973, "mean": 1.8709836933788422, "min": -180.78230989896335}, "diff": {"max": 33.78064641149052, "mean": 0.8709033311558573, "min": -25.93218233995821}, "ref": {"max": 107.43585976401528, "mean": 1.000080362222993, "min": -182.70606631324404}, "unit": "W/m2"}