{"misc": {"corr": 0.9985575718315728, "rmse": 2.9382938511776473}, "ref_regrid": {"std": 53.564003542728074, "max": 87.45126178340824, "mean": 0.16298411485217473, "min": -128.67350848472282}, "test_regrid": {"std": 53.83166807564411, "max": 83.82190560118792, "mean": 0.6565601272342403, "min": -129.01467278885514}, "test": {"max": 83.82190560118792, "mean": 0.6565601272342403, "min": -129.01467278885514}, "diff": {"max": 21.423615714295266, "mean": 0.49357601238206356, "min": -14.869614497493934}, "ref": {"max": 87.45126178340824, "mean": 0.16298411485217473, "min": -128.67350848472282}, "unit": "W/m2"}