{"misc": {"corr": 0.9986285593356468, "rmse": 5.308696673558945}, "ref_regrid": {"std": 96.72295663962291, "max": 153.70235895227503, "mean": 7.324556243493948, "min": -187.65697733561197}, "test_regrid": {"std": 98.01825500851925, "max": 152.31211463080513, "mean": 8.031846468449718, "min": -187.31690103036385}, "test": {"max": 152.31211463080513, "mean": 8.031846468449718, "min": -187.31690103036385}, "diff": {"max": 75.52601414433232, "mean": 0.7072902249557885, "min": -25.524814916540077}, "ref": {"max": 153.70235895227503, "mean": 7.324556243493948, "min": -187.65697733561197}, "unit": "W/m2"}