{"misc": {"corr": 0.9805064088180463, "rmse": 4.654900826804671}, "ref_regrid": {"std": 22.715782364158695, "max": 146.48388356747836, "mean": 21.72676372546093, "min": -93.13027251976123}, "test_regrid": {"std": 21.994211415658146, "max": 153.9901341977327, "mean": 20.434932508016814, "min": -88.50300910507423}, "test": {"max": 153.9901341977327, "mean": 20.434932508016814, "min": -88.50300910507423}, "diff": {"max": 32.329330734584644, "mean": -1.2918312174441147, "min": -34.498229220293574}, "ref": {"max": 146.48388356747836, "mean": 21.72676372546093, "min": -93.13027251976123}, "unit": "W/m2"}