{"misc": {"corr": 0.9731225184686233, "rmse": 4.853439926652528}, "ref_regrid": {"std": 20.39311924331434, "max": 153.46402928449106, "mean": 20.445750267216663, "min": -79.53815474026445}, "test_regrid": {"std": 19.80459471320678, "max": 156.80917460676554, "mean": 19.22137288606178, "min": -94.66061737226403}, "test": {"max": 156.80917460676554, "mean": 19.22137288606178, "min": -94.66061737226403}, "diff": {"max": 39.698810471221805, "mean": -1.2243773811548853, "min": -51.60185158873597}, "ref": {"max": 153.46402928449106, "mean": 20.445750267216663, "min": -79.53815474026445}, "unit": "W/m2"}