{"misc": {"corr": 0.9842838410198583, "rmse": 4.16226102812155}, "ref_regrid": {"std": 21.927165793531167, "max": 134.27811278179016, "mean": 19.006718440339146, "min": -88.45024535070846}, "test_regrid": {"std": 21.00527813429817, "max": 132.04232832800338, "mean": 17.593478328197627, "min": -81.98583901932825}, "test": {"max": 132.04232832800338, "mean": 17.593478328197627, "min": -81.98583901932825}, "diff": {"max": 56.62176112639598, "mean": -1.4132401121415168, "min": -32.71428859364856}, "ref": {"max": 134.27811278179016, "mean": 19.006718440339146, "min": -88.45024535070846}, "unit": "W/m2"}