{"misc": {"corr": 0.9883123985368929, "rmse": 3.047744234011219}, "ref_regrid": {"std": 18.27424340073624, "max": 116.43259100021292, "mean": 19.93669843136525, "min": -85.48037700565983}, "test_regrid": {"std": 17.71600322436536, "max": 112.85964605949785, "mean": 18.749486823686983, "min": -88.38694722075441}, "test": {"max": 112.85964605949785, "mean": 18.749486823686983, "min": -88.38694722075441}, "diff": {"max": 27.556755257523765, "mean": -1.1872116076782582, "min": -28.363052879090176}, "ref": {"max": 116.43259100021292, "mean": 19.93669843136525, "min": -85.48037700565983}, "unit": "W/m2"}