{"misc": {"corr": 0.9796758371191552, "rmse": 5.131397525027981}, "ref_regrid": {"std": 25.09830453076636, "max": 234.743212890625, "mean": 18.526802911679045, "min": -81.87405379966454}, "test_regrid": {"std": 24.019091774432596, "max": 215.6708923904984, "mean": 17.713067405828173, "min": -88.32745276557074}, "test": {"max": 215.6708923904984, "mean": 17.713067405828173, "min": -88.32745276557074}, "diff": {"max": 43.404909240095705, "mean": -0.8137355058508685, "min": -57.581295578568074}, "ref": {"max": 234.743212890625, "mean": 18.526802911679045, "min": -81.87405379966454}, "unit": "W/m2"}