{"misc": {"corr": 0.9984728609149001, "rmse": 0.806202538917091}, "ref_regrid": {"std": 9.12492047072558, "max": 29.681498209635418, "mean": 19.05466980785234, "min": -1.67694091796875}, "test_regrid": {"std": 9.161795327759211, "max": 30.600577755250793, "mean": 19.681776758027706, "min": -1.076507568359375}, "test": {"max": 30.600577755250793, "mean": 19.508471978627526, "min": -1.788055419921875}, "diff": {"max": 3.9886723393979278, "mean": 0.627106950175371, "min": -3.2004533215783457}, "ref": {"max": 29.681498209635418, "mean": 19.041783796968076, "min": -1.67694091796875}, "unit": "degC"}