{"misc": {"corr": 0.9988106931344336, "rmse": 0.7564688393847759}, "ref_regrid": {"std": 8.792703226321326, "max": 30.135416219522664, "mean": 19.048145206548668, "min": -2.028411865234375}, "test_regrid": {"std": 8.771429486779562, "max": 30.6856688335265, "mean": 19.6713168977039, "min": -2.160400390625}, "test": {"max": 30.6856688335265, "mean": 19.232009087269553, "min": -2.160400390625}, "diff": {"max": 3.699338919950492, "mean": 0.6231716911552307, "min": -2.27783203125}, "ref": {"max": 30.135416219522664, "mean": 19.04150135094195, "min": -2.028411865234375}, "unit": "degC"}