{"misc": {"corr": 0.9990798742334853, "rmse": 0.7057683288303409}, "ref_regrid": {"std": 8.992845011792854, "max": 29.614672043334405, "mean": 18.574843661505987, "min": -1.67694091796875}, "test_regrid": {"std": 9.055772788710678, "max": 30.41293248564141, "mean": 19.16160099483783, "min": -1.193355961849815}, "test": {"max": 30.41293248564141, "mean": 18.91141085744737, "min": -1.788055419921875}, "diff": {"max": 3.076974748235653, "mean": 0.5867573333318398, "min": -2.9932724130455073}, "ref": {"max": 29.614672043334405, "mean": 18.568695719414727, "min": -1.67694091796875}, "unit": "degC"}