{"misc": {"corr": 0.9987786381084072, "rmse": 0.7287082761704424}, "ref_regrid": {"std": 8.806538122648261, "max": 29.975940427918363, "mean": 19.013035495574794, "min": -2.091064453125}, "test_regrid": {"std": 8.790720965196424, "max": 30.45460565539374, "mean": 19.59755248102255, "min": -1.4842987060546875}, "test": {"max": 30.45460565539374, "mean": 19.277817142872003, "min": -1.826324462890625}, "diff": {"max": 3.1399221067075374, "mean": 0.5845169854477543, "min": -2.395904541015625}, "ref": {"max": 29.975940427918363, "mean": 19.008195065102782, "min": -2.091064453125}, "unit": "degC"}