{"misc": {"corr": 0.9982773760234985, "rmse": 0.8092447398878349}, "ref_regrid": {"std": 8.799204434447764, "max": 29.817888274016205, "mean": 18.901409679131635, "min": -1.5247802734375}, "test_regrid": {"std": 8.887465299391598, "max": 30.768260701497397, "mean": 19.515949863535504, "min": -0.9545579207570929}, "test": {"max": 30.768260701497397, "mean": 19.3739539722934, "min": -1.605987548828125}, "diff": {"max": 4.8721652560763875, "mean": 0.6145401844038684, "min": -2.187512885199653}, "ref": {"max": 29.817888274016205, "mean": 18.897772278102916, "min": -1.5247802734375}, "unit": "degC"}