{"misc": {"corr": 0.961571758720701, "rmse": 6.997431205084877}, "ref_regrid": {"std": 23.762999258506376, "max": -0.0635908450121465, "mean": -44.60686519858708, "min": -139.5405643850133}, "test_regrid": {"std": 24.90068356953175, "max": -0.12782606868532256, "mean": -46.08760489553472, "min": -122.25213924352674}, "test": {"max": -0.12782606868532256, "mean": -46.08760489553472, "min": -122.25213924352674}, "diff": {"max": 32.019313905550085, "mean": -1.4807396969476336, "min": -62.77742527533268}, "ref": {"max": -0.0635908450121465, "mean": -44.60686519858708, "min": -139.5405643850133}, "unit": "W/m2"}