{"misc": {"corr": 0.969171938694719, "rmse": 7.026757908602089}, "ref_regrid": {"std": 27.648848090383602, "max": -0.3602556199272037, "mean": -47.675401928047634, "min": -163.0278786460122}, "test_regrid": {"std": 27.529024797791607, "max": -0.5390978835134225, "mean": -49.23478282820763, "min": -148.14312408782624}, "test": {"max": -0.5390978835134225, "mean": -49.23478282820763, "min": -148.14312408782624}, "diff": {"max": 23.684328002370748, "mean": -1.559380900159995, "min": -53.08483642885536}, "ref": {"max": -0.3602556199272037, "mean": -47.675401928047634, "min": -163.0278786460122}, "unit": "W/m2"}