{"misc": {"corr": 0.9817426262885117, "rmse": 4.333174000582107}, "ref_regrid": {"std": 20.88309589743157, "max": -0.3316156720774226, "mean": -47.26678845310057, "min": -130.4301613515915}, "test_regrid": {"std": 21.186079384512347, "max": -0.5368439995771972, "mean": -48.857179712171046, "min": -122.04204275749589}, "test": {"max": -0.5368439995771972, "mean": -48.857179712171046, "min": -122.04204275749589}, "diff": {"max": 12.087077384670032, "mean": -1.590391259070486, "min": -20.808972822354264}, "ref": {"max": -0.3316156720774226, "mean": -47.26678845310057, "min": -130.4301613515915}, "unit": "W/m2"}