{"misc": {"corr": 0.9816425103573345, "rmse": 7.319523914352062}, "ref_regrid": {"std": 36.49908452778802, "max": 7.056795934827447e-07, "mean": -50.491003521679744, "min": -185.86897667778862}, "test_regrid": {"std": 37.56653184645113, "max": 3.671382210591724e-07, "mean": -51.938229218028006, "min": -185.160785985876}, "test": {"max": 3.671382210591724e-07, "mean": -51.938229218028006, "min": -185.160785985876}, "diff": {"max": 30.662979253133145, "mean": -1.4472256963482613, "min": -47.15288078873246}, "ref": {"max": 7.056795934827447e-07, "mean": -50.491003521679744, "min": -185.86897667778862}, "unit": "W/m2"}