{"misc": {"corr": 0.9736970277489615, "rmse": 7.724851000615749}, "ref_regrid": {"std": 31.208015839806375, "max": 1.1244639412707593e-06, "mean": -46.36841624682805, "min": -160.68189026652902}, "test_regrid": {"std": 32.756184776831184, "max": 3.5793310130309264e-07, "mean": -48.23918562569373, "min": -154.3260125975678}, "test": {"max": 3.5793310130309264e-07, "mean": -48.23918562569373, "min": -154.3260125975678}, "diff": {"max": 33.96427843190622, "mean": -1.870769378865675, "min": -54.910617261693105}, "ref": {"max": 1.1244639412707593e-06, "mean": -46.36841624682805, "min": -160.68189026652902}, "unit": "W/m2"}