{"misc": {"corr": 0.8756292901551488, "rmse": 1.8160120460382598}, "ref_regrid": {"std": 3.5007670460751084, "max": 228.288330078125, "mean": 218.21623838205184, "min": 209.45367431640625}, "test_regrid": {"std": 2.747531515304475, "max": 228.8198699951172, "mean": 218.7976372643426, "min": 210.49525451660156}, "test": {"max": 228.8198699951172, "mean": 218.7976372643426, "min": 210.49525451660156}, "diff": {"max": 3.5230255126953125, "mean": 0.581398882290758, "min": -7.6874542236328125}, "ref": {"max": 228.288330078125, "mean": 218.21623838205184, "min": 209.45367431640625}, "unit": "K"}