{"misc": {"corr": 0.9810248343332632, "rmse": 1.4435035409292638}, "ref_regrid": {"std": 4.813209145022242, "max": 230.4785614013672, "mean": 216.17397290501407, "min": 199.3537139892578}, "test_regrid": {"std": 5.056413984472553, "max": 229.02532958984375, "mean": 217.22322726464753, "min": 198.81568908691406}, "test": {"max": 229.02532958984375, "mean": 217.22322726464753, "min": 198.81568908691406}, "diff": {"max": 3.644287109375, "mean": 1.0492543596334973, "min": -3.1923828125}, "ref": {"max": 230.4785614013672, "mean": 216.17397290501407, "min": 199.3537139892578}, "unit": "K"}