{"misc": {"corr": 0.9230524100005103, "rmse": 1.3673786671505463}, "ref_regrid": {"std": 3.197502886551002, "max": 228.3570556640625, "mean": 217.5539972005072, "min": 210.44061279296875}, "test_regrid": {"std": 2.832412115652927, "max": 228.20193481445312, "mean": 218.1393680269742, "min": 211.3770751953125}, "test": {"max": 228.20193481445312, "mean": 218.1393680269742, "min": 211.3770751953125}, "diff": {"max": 2.36590576171875, "mean": 0.5853708264670217, "min": -2.957489013671875}, "ref": {"max": 228.3570556640625, "mean": 217.5539972005072, "min": 210.44061279296875}, "unit": "K"}