{"misc": {"corr": 0.9686087050793157, "rmse": 1.4612092304103055}, "ref_regrid": {"std": 3.963650598973759, "max": 225.4493865966797, "mean": 216.35045191387587, "min": 200.11253356933594}, "test_regrid": {"std": 4.422204508305984, "max": 226.11082458496094, "mean": 217.2584182546532, "min": 197.93739318847656}, "test": {"max": 226.11082458496094, "mean": 217.2584182546532, "min": 197.93739318847656}, "diff": {"max": 3.8199920654296875, "mean": 0.9079663407773262, "min": -3.0870208740234375}, "ref": {"max": 225.4493865966797, "mean": 216.35045191387587, "min": 200.11253356933594}, "unit": "K"}