{"misc": {"corr": 0.9281912959308691, "rmse": 1.3586901241066962}, "ref_regrid": {"std": 2.793128758100131, "max": 226.02230834960938, "mean": 217.06912393114695, "min": 209.92013549804688}, "test_regrid": {"std": 2.9859198134855354, "max": 226.64938354492188, "mean": 217.8508482253616, "min": 207.57859802246094}, "test": {"max": 226.64938354492188, "mean": 217.8508482253616, "min": 207.57859802246094}, "diff": {"max": 1.876861572265625, "mean": 0.7817242942146531, "min": -3.251373291015625}, "ref": {"max": 226.02230834960938, "mean": 217.06912393114695, "min": 209.92013549804688}, "unit": "K"}