{"misc": {"corr": 0.9992154427768684, "rmse": 0.9728627019763174}, "ref_regrid": {"std": 9.620551180318676, "max": 295.8286437988281, "mean": 280.1737988771314, "min": 244.27310180664062}, "test_regrid": {"std": 9.66131401079425, "max": 296.75225830078125, "mean": 281.0676419876017, "min": 246.30776977539062}, "test": {"max": 296.75225830078125, "mean": 281.0676419876017, "min": 246.30776977539062}, "diff": {"max": 2.6822509765625, "mean": 0.8938431104702822, "min": -0.49798583984375}, "ref": {"max": 295.8286437988281, "mean": 280.1737988771314, "min": 244.27310180664062}, "unit": "K"}