{"misc": {"corr": 0.997600456597213, "rmse": 1.1814204936599029}, "ref_regrid": {"std": 11.388846505462434, "max": 295.7972106933594, "mean": 278.7314634159328, "min": 243.6346893310547}, "test_regrid": {"std": 11.365874000129068, "max": 297.56988525390625, "mean": 279.6112433437732, "min": 246.21832275390625}, "test": {"max": 297.56988525390625, "mean": 279.6112433437732, "min": 246.21832275390625}, "diff": {"max": 4.72332763671875, "mean": 0.8797799278404429, "min": -1.850982666015625}, "ref": {"max": 295.7972106933594, "mean": 278.7314634159328, "min": 243.6346893310547}, "unit": "K"}