{"misc": {"corr": 0.9975797512657393, "rmse": 1.128637540587102}, "ref_regrid": {"std": 10.360581557757236, "max": 297.5557861328125, "mean": 279.91303537313723, "min": 238.77882385253906}, "test_regrid": {"std": 10.456437205744447, "max": 298.3523254394531, "mean": 280.77340748418766, "min": 241.45835876464844}, "test": {"max": 298.3523254394531, "mean": 280.77340748418766, "min": 241.45835876464844}, "diff": {"max": 5.057037353515625, "mean": 0.8603721110503659, "min": -1.8109588623046875}, "ref": {"max": 297.5557861328125, "mean": 279.91303537313723, "min": 238.77882385253906}, "unit": "K"}