{"misc": {"corr": 0.9975610294636399, "rmse": 1.121871716923848}, "ref_regrid": {"std": 9.746367749210687, "max": 302.9927062988281, "mean": 281.7435852989332, "min": 233.8837890625}, "test_regrid": {"std": 9.75853276276822, "max": 304.23272705078125, "mean": 282.6349359704266, "min": 235.20599365234375}, "test": {"max": 304.23272705078125, "mean": 282.6349359704266, "min": 235.20599365234375}, "diff": {"max": 3.469482421875, "mean": 0.8913506714934708, "min": -2.117279052734375}, "ref": {"max": 302.9927062988281, "mean": 281.7435852989332, "min": 233.8837890625}, "unit": "K"}