{"misc": {"corr": 0.9976338101376024, "rmse": 1.167874989020213}, "ref_regrid": {"std": 9.932626989820454, "max": 298.2913513183594, "mean": 280.31420894444653, "min": 243.4844970703125}, "test_regrid": {"std": 9.954921374136186, "max": 298.60418701171875, "mean": 281.2605198044748, "min": 245.01951599121094}, "test": {"max": 298.60418701171875, "mean": 281.2605198044748, "min": 245.01951599121094}, "diff": {"max": 4.66571044921875, "mean": 0.9463108600283229, "min": -0.998870849609375}, "ref": {"max": 298.2913513183594, "mean": 280.31420894444653, "min": 243.4844970703125}, "unit": "K"}