{"misc": {"corr": 0.9989665792912451, "rmse": 1.1799948443572927}, "ref_regrid": {"std": 13.816208575715718, "max": 29.72186803251641, "mean": 13.80025782294731, "min": -57.54205347348566}, "test_regrid": {"std": 13.46766884319285, "max": 31.05842363192066, "mean": 14.74170687608418, "min": -55.623000875673334}, "test": {"max": 31.05842363192066, "mean": 14.74170687608418, "min": -55.623000875673334}, "diff": {"max": 5.126184639429937, "mean": 0.9414490531368722, "min": -0.6243709477115438}, "ref": {"max": 29.72186803251641, "mean": 13.80025782294731, "min": -57.54205347348566}, "unit": "DegC"}