{"misc": {"corr": 0.9982605846413957, "rmse": 1.3277071562573202}, "ref_regrid": {"std": 14.824886312308129, "max": 31.635216975557633, "mean": 13.513958384346546, "min": -63.52175405751104}, "test_regrid": {"std": 14.463082306352998, "max": 32.771131985429406, "mean": 14.455231833953519, "min": -61.71279890640922}, "test": {"max": 32.771131985429406, "mean": 14.455231833953519, "min": -61.71279890640922}, "diff": {"max": 6.712854965873387, "mean": 0.941273449606971, "min": -4.531791134157043}, "ref": {"max": 31.635216975557633, "mean": 13.513958384346546, "min": -63.52175405751104}, "unit": "DegC"}