{"misc": {"corr": 0.9992207129330618, "rmse": 1.2177448395667045}, "ref_regrid": {"std": 20.39952688060902, "max": 37.03765625884567, "mean": 13.013311354599418, "min": -69.02435269563094}, "test_regrid": {"std": 20.255152618859288, "max": 37.204306892726734, "mean": 13.917779541462023, "min": -66.91525290668875}, "test": {"max": 37.204306892726734, "mean": 13.917779541462023, "min": -66.91525290668875}, "diff": {"max": 3.7461360986681953, "mean": 0.9044681868626054, "min": -1.8817883919978513}, "ref": {"max": 37.03765625884567, "mean": 13.013311354599418, "min": -69.02435269563094}, "unit": "DegC"}