{"misc": {"corr": 0.9984684564577216, "rmse": 1.5592325772697364}, "ref_regrid": {"std": 19.71117097666311, "max": 31.635216975557633, "mean": 6.900622689637502, "min": -63.52175405751104}, "test_regrid": {"std": 19.434300606391346, "max": 32.771131985429406, "mean": 7.9874362037118605, "min": -61.71279890640922}, "test": {"max": 32.771131985429406, "mean": 7.9874362037118605, "min": -61.71279890640922}, "diff": {"max": 5.751696489859317, "mean": 1.0868135140743578, "min": -4.531791134157043}, "ref": {"max": 31.635216975557633, "mean": 6.900622689637502, "min": -63.52175405751104}, "unit": "DegC"}