{"misc": {"corr": 0.9969280708133837, "rmse": 2.126039487357718}, "ref_regrid": {"std": 19.09453280182655, "max": 31.519262017144097, "mean": 2.812005039266228, "min": -42.43427321822555}, "test_regrid": {"std": 18.463467819761505, "max": 32.364055153175634, "mean": 4.210495540971406, "min": -39.27072940402561}, "test": {"max": 32.364055153175634, "mean": 4.210495540971406, "min": -39.27072940402561}, "diff": {"max": 9.782756777162906, "mean": 1.398490501705178, "min": -2.5199505841290524}, "ref": {"max": 31.519262017144097, "mean": 2.812005039266228, "min": -42.43427321822555}, "unit": "DegC"}