{"misc": {"corr": 0.9988573235429398, "rmse": 1.5280830993012624}, "ref_regrid": {"std": 18.494463180810584, "max": 31.413741115248683, "mean": 9.005244763015014, "min": -58.17384064503205}, "test_regrid": {"std": 18.380401861608256, "max": 32.415787581559066, "mean": 10.248287405130831, "min": -57.12918560321514}, "test": {"max": 32.415787581559066, "mean": 10.248287405130831, "min": -57.12918560321514}, "diff": {"max": 5.979602464389451, "mean": 1.243042642115819, "min": -1.6811669877160575}, "ref": {"max": 31.413741115248683, "mean": 9.005244763015014, "min": -58.17384064503205}, "unit": "DegC"}