{"misc": {"corr": 0.9992291399320774, "rmse": 1.3791409071319112}, "ref_regrid": {"std": 18.194195830643558, "max": 29.72186803251641, "mean": 7.95791687407705, "min": -57.54205347348566}, "test_regrid": {"std": 17.947742828363282, "max": 31.05842363192066, "mean": 9.114571509891315, "min": -55.623000875673334}, "test": {"max": 31.05842363192066, "mean": 9.114571509891315, "min": -55.623000875673334}, "diff": {"max": 5.126184639429937, "mean": 1.1566546358142635, "min": -0.6243709477115438}, "ref": {"max": 29.72186803251641, "mean": 7.95791687407705, "min": -57.54205347348566}, "unit": "DegC"}