{"misc": {"corr": 0.9985090709028559, "rmse": 1.2310566079140872}, "ref_regrid": {"std": 13.768843923564985, "max": 31.413741115248683, "mean": 14.089888845868128, "min": -58.17384064503205}, "test_regrid": {"std": 13.49255806047375, "max": 32.415787581559066, "mean": 15.03074273699592, "min": -57.12918560321514}, "test": {"max": 32.415787581559066, "mean": 15.03074273699592, "min": -57.12918560321514}, "diff": {"max": 5.979602464389451, "mean": 0.9408538911277942, "min": -1.6811669877160575}, "ref": {"max": 31.413741115248683, "mean": 14.089888845868128, "min": -58.17384064503205}, "unit": "DegC"}