{"misc": {"corr": 0.9986882047171037, "rmse": 1.1245017140565128}, "ref_regrid": {"std": 14.334030741672022, "max": 37.03765625884567, "mean": 15.398594769417834, "min": -69.02435269563094}, "test_regrid": {"std": 14.09639800367764, "max": 37.204306892726734, "mean": 16.221951796090533, "min": -66.91525290668875}, "test": {"max": 37.204306892726734, "mean": 16.221951796090533, "min": -66.91525290668875}, "diff": {"max": 6.885627193727354, "mean": 0.823357026672699, "min": -1.8817883919978513}, "ref": {"max": 37.03765625884567, "mean": 15.398594769417834, "min": -69.02435269563094}, "unit": "DegC"}