{"misc": {"corr": 0.9968547024661634, "rmse": 1.7489868999689722}, "ref_regrid": {"std": 15.463907206754754, "max": 31.519262017144097, "mean": 12.166214780616059, "min": -42.43427321822555}, "test_regrid": {"std": 14.761678459012458, "max": 32.364055153175634, "mean": 13.229161408222721, "min": -39.27072940402561}, "test": {"max": 32.364055153175634, "mean": 13.229161408222721, "min": -39.27072940402561}, "diff": {"max": 10.859182795771844, "mean": 1.0629466276066608, "min": -2.5199505841290524}, "ref": {"max": 31.519262017144097, "mean": 12.166214780616059, "min": -42.43427321822555}, "unit": "DegC"}