{"misc": {"corr": 0.9786987908005672, "rmse": 2.7751900853991014}, "ref_regrid": {"std": 13.11868569800667, "max": 46.056026458740234, "mean": 16.28414866723116, "min": -11.181808471679688}, "test_regrid": {"std": 12.861816062486326, "max": 46.72836685180664, "mean": 16.953018449395103, "min": -10.407722473144531}, "test": {"max": 46.72836685180664, "mean": 16.953018449395103, "min": -10.407722473144531}, "diff": {"max": 9.032670974731445, "mean": 0.6688697819519306, "min": -9.390554428100586}, "ref": {"max": 46.056026458740234, "mean": 16.28414866723116, "min": -11.181808471679688}, "unit": "m/s"}