{"misc": {"corr": 0.9884386113086481, "rmse": 2.4106977724184144}, "ref_regrid": {"std": 15.441821414411004, "max": 54.88880157470703, "mean": 14.147703857052395, "min": -19.092693328857422}, "test_regrid": {"std": 15.506870535123447, "max": 56.969669342041016, "mean": 14.66768781106344, "min": -19.175439834594727}, "test": {"max": 56.969669342041016, "mean": 14.66768781106344, "min": -19.175439834594727}, "diff": {"max": 11.672019958496094, "mean": 0.5199839540233324, "min": -7.0334625244140625}, "ref": {"max": 54.88880157470703, "mean": 14.147703857052395, "min": -19.092693328857422}, "unit": "m/s"}