{"misc": {"corr": 0.9817821981472107, "rmse": 2.979747742767728}, "ref_regrid": {"std": 14.888044099330804, "max": 74.86117553710938, "mean": 16.34020856573525, "min": -14.751562118530273}, "test_regrid": {"std": 15.018574041346573, "max": 75.49638366699219, "mean": 17.185761617422006, "min": -13.588874816894531}, "test": {"max": 75.49638366699219, "mean": 17.185761617422006, "min": -13.588874816894531}, "diff": {"max": 12.358528137207031, "mean": 0.8455530515452582, "min": -8.512557983398438}, "ref": {"max": 74.86117553710938, "mean": 16.34020856573525, "min": -14.751562118530273}, "unit": "m/s"}