{"misc": {"corr": 0.9948817897487892, "rmse": 1.3171855294038104}, "ref_regrid": {"std": 11.482833165683385, "max": 43.35783004760742, "mean": 15.850583848303094, "min": -10.312690734863281}, "test_regrid": {"std": 11.579771981002512, "max": 43.244930267333984, "mean": 16.454287604595134, "min": -10.898622512817383}, "test": {"max": 43.244930267333984, "mean": 16.454287604595134, "min": -10.898622512817383}, "diff": {"max": 4.086099624633789, "mean": 0.6037037562664684, "min": -2.8950681686401367}, "ref": {"max": 43.35783004760742, "mean": 15.850583848303094, "min": -10.312690734863281}, "unit": "m/s"}