{"misc": {"corr": 0.980757294382924, "rmse": 2.5010303725459875}, "ref_regrid": {"std": 12.06346854334261, "max": 52.25999069213867, "mean": 16.64603731552815, "min": -8.978190422058105}, "test_regrid": {"std": 12.579007907888265, "max": 53.23805618286133, "mean": 17.032491706407825, "min": -9.998336791992188}, "test": {"max": 53.23805618286133, "mean": 17.032491706407825, "min": -9.998336791992188}, "diff": {"max": 9.415127754211426, "mean": 0.38645439102065776, "min": -7.369926452636719}, "ref": {"max": 52.25999069213867, "mean": 16.64603731552815, "min": -8.978190422058105}, "unit": "m/s"}