{"misc": {"corr": 0.9826637707179667, "rmse": 1.2193775737674564}, "ref_regrid": {"std": 6.557677211042468, "max": 16.86559295654297, "mean": 1.3220459470854915, "min": -13.265783309936523}, "test_regrid": {"std": 6.536267186075576, "max": 18.64464569091797, "mean": 1.3383882006099155, "min": -14.071659088134766}, "test": {"max": 18.64464569091797, "mean": 1.3383882006099155, "min": -14.071659088134766}, "diff": {"max": 4.351973533630371, "mean": 0.016342253403939314, "min": -4.087318420410156}, "ref": {"max": 16.86559295654297, "mean": 1.3220459470854915, "min": -13.265783309936523}, "unit": "m/s"}