{"misc": {"corr": 0.9866415118279368, "rmse": 1.0781218194434612}, "ref_regrid": {"std": 6.410965647354392, "max": 17.886682510375977, "mean": 1.0312823285770287, "min": -14.287904739379883}, "test_regrid": {"std": 6.574975860203143, "max": 17.957311630249023, "mean": 1.1275884560166813, "min": -14.363420486450195}, "test": {"max": 17.957311630249023, "mean": 1.1275884560166813, "min": -14.363420486450195}, "diff": {"max": 4.228044509887695, "mean": 0.09630612755946891, "min": -4.25156831741333}, "ref": {"max": 17.886682510375977, "mean": 1.0312823285770287, "min": -14.287904739379883}, "unit": "m/s"}