{"misc": {"corr": 0.988414811709856, "rmse": 1.0476500219063278}, "ref_regrid": {"std": 6.746869789377609, "max": 17.82814598083496, "mean": 1.350404898842345, "min": -16.02345848083496}, "test_regrid": {"std": 6.884277306111728, "max": 18.94205665588379, "mean": 1.4002823210623025, "min": -15.302139282226562}, "test": {"max": 18.94205665588379, "mean": 1.4002823210623025, "min": -15.302139282226562}, "diff": {"max": 5.442108631134033, "mean": 0.04987742225872945, "min": -3.643777847290039}, "ref": {"max": 17.82814598083496, "mean": 1.350404898842345, "min": -16.02345848083496}, "unit": "m/s"}