{"misc": {"corr": 0.9808730352111846, "rmse": 1.3418414150640894}, "ref_regrid": {"std": 6.841490014110457, "max": 17.215312957763672, "mean": 1.0093762494646226, "min": -12.890265464782715}, "test_regrid": {"std": 6.850034727579121, "max": 17.860084533691406, "mean": 1.0972181175836342, "min": -13.11351203918457}, "test": {"max": 17.860084533691406, "mean": 1.0972181175836342, "min": -13.11351203918457}, "diff": {"max": 5.074902534484863, "mean": 0.08784186806732537, "min": -3.865428924560547}, "ref": {"max": 17.215312957763672, "mean": 1.0093762494646226, "min": -12.890265464782715}, "unit": "m/s"}