{"misc": {"corr": 0.9950514381592003, "rmse": 0.6319248667172266}, "ref_regrid": {"std": 6.2312973070886715, "max": 17.207447052001953, "mean": 1.17354234737472, "min": -12.664539337158203}, "test_regrid": {"std": 6.310601912683457, "max": 17.746828079223633, "mean": 1.2356137113174928, "min": -12.989640235900879}, "test": {"max": 17.746828079223633, "mean": 1.2356137113174928, "min": -12.989640235900879}, "diff": {"max": 2.723726272583008, "mean": 0.06207136396110684, "min": -1.9185748100280762}, "ref": {"max": 17.207447052001953, "mean": 1.17354234737472, "min": -12.664539337158203}, "unit": "m/s"}