{"misc": {"corr": 0.9989560564065946, "rmse": 0.23551516912048145}, "ref_regrid": {"std": 2.7240348323137984, "max": 58.83378601074219, "mean": 56.2966805173898, "min": 48.526039123535156}, "test_regrid": {"std": 2.7501656212966887, "max": 58.9627571105957, "mean": 56.494526604338546, "min": 48.51334762573242}, "test": {"max": 58.9627571105957, "mean": 56.494526604338546, "min": 48.51334762573242}, "diff": {"max": 0.7160682678222656, "mean": 0.1978460869487346, "min": -0.2573661804199219}, "ref": {"max": 58.83378601074219, "mean": 56.2966805173898, "min": 48.526039123535156}, "unit": "hectometer"}