{"misc": {"corr": 0.9997468916091105, "rmse": 0.20959785067092207}, "ref_regrid": {"std": 2.68570348544017, "max": 58.77950668334961, "mean": 56.376766905266464, "min": 48.72573471069336}, "test_regrid": {"std": 2.7061404895051364, "max": 58.9388427734375, "mean": 56.576352629916364, "min": 48.735164642333984}, "test": {"max": 58.9388427734375, "mean": 56.576352629916364, "min": 48.735164642333984}, "diff": {"max": 0.4081573486328125, "mean": 0.19958572464989982, "min": -0.08589935302734375}, "ref": {"max": 58.77950668334961, "mean": 56.376766905266464, "min": 48.72573471069336}, "unit": "hectometer"}