{"misc": {"corr": 0.9986983744823053, "rmse": 0.24548242249108476}, "ref_regrid": {"std": 2.7433350014394753, "max": 58.762264251708984, "mean": 56.14950605601271, "min": 50.32918167114258}, "test_regrid": {"std": 2.751822493802646, "max": 58.91730880737305, "mean": 56.350844556577904, "min": 50.49252700805664}, "test": {"max": 58.91730880737305, "mean": 56.350844556577904, "min": 50.49252700805664}, "diff": {"max": 0.7221717834472656, "mean": 0.2013385005651892, "min": -0.3567848205566406}, "ref": {"max": 58.762264251708984, "mean": 56.14950605601271, "min": 50.32918167114258}, "unit": "hectometer"}