{"misc": {"corr": 0.9991436994975725, "rmse": 0.22573159839826346}, "ref_regrid": {"std": 2.8102242868905307, "max": 59.05156707763672, "mean": 56.649744561757416, "min": 47.720733642578125}, "test_regrid": {"std": 2.8260666593324872, "max": 59.304317474365234, "mean": 56.842364663570486, "min": 47.73476791381836}, "test": {"max": 59.304317474365234, "mean": 56.842364663570486, "min": 47.73476791381836}, "diff": {"max": 0.5634307861328125, "mean": 0.19262010181307837, "min": -0.4205322265625}, "ref": {"max": 59.05156707763672, "mean": 56.649744561757416, "min": 47.720733642578125}, "unit": "hectometer"}