{"misc": {"corr": 0.9990343988742676, "rmse": 0.24300308458970385}, "ref_regrid": {"std": 2.8276171896455677, "max": 58.895084381103516, "mean": 56.40516978272869, "min": 48.12815856933594}, "test_regrid": {"std": 2.8527410571547973, "max": 59.006591796875, "mean": 56.61215124728638, "min": 48.10491943359375}, "test": {"max": 59.006591796875, "mean": 56.61215124728638, "min": 48.10491943359375}, "diff": {"max": 0.9379806518554688, "mean": 0.2069814645576998, "min": -0.15855026245117188}, "ref": {"max": 58.895084381103516, "mean": 56.40516978272869, "min": 48.12815856933594}, "unit": "hectometer"}