{"misc": {"corr": 0.9993668828532488, "rmse": 0.5284472930501158}, "ref_regrid": {"max": 29.634740829467773, "mean": 20.3335057196561, "min": -0.5661967396736145}, "test_regrid": {"max": 29.332763671875, "mean": 19.89449527286005, "min": -0.924468994140625}, "test": {"max": 29.332763671875, "mean": 19.893809789793107, "min": -0.924468994140625}, "diff": {"max": 0.8702487945556641, "mean": -0.4390104467865967, "min": -2.2914228439331055}, "ref": {"max": 29.63583755493164, "mean": 18.374113082885742, "min": -1.7999999523162842}}