{"misc": {"corr": 0.893919984295033, "rmse": 1.0398211584842365}, "ref_regrid": {"max": 13.59078914080437, "mean": 2.674627044490937, "min": 0.011240477272549416}, "test_regrid": {"max": 23.396804809570312, "mean": 3.0814958117110955, "min": 0.010496264323592186}, "test": {"max": 26.380521774291992, "mean": 3.082427088709799, "min": 0.009058247320353985}, "diff": {"max": 9.806015668765943, "mean": 0.40686876722015786, "min": -3.5417797896632432}, "ref": {"max": 13.59078914080437, "mean": 2.674627044490937, "min": 0.011240477272549416}}