{"misc": {"corr": 0.8509783111749522, "rmse": 1.2030346162498757}, "ref_regrid": {"max": 12.223983764648438, "mean": 2.6739563397872934, "min": 0.015605919063091278}, "test_regrid": {"max": 17.478734970092773, "mean": 3.125103227296858, "min": 0.02454080805182457}, "test": {"max": 19.030784606933594, "mean": 3.1263726985009703, "min": 0.02046138234436512}, "diff": {"max": 10.879304885864258, "mean": 0.4511468874607351, "min": -5.805003643035889}, "ref": {"max": 12.223983764648438, "mean": 2.6739563397872934, "min": 0.015605919063091278}}