{"diff": {"max": 1.227982997894287, "mean": 0.003762427422327628, "min": -0.43013066053390503}, "test_regrid": {"std": 0.07411299194645163, "max": 1.8557898998260498, "mean": 0.0738899392758353, "min": 0.00040843707392923534}, "misc": {"corr": 0.7064567523224904, "rmse": 0.052594566603462935}, "unit": "N/m2", "ref_regrid": {"std": 0.05314355960470142, "max": 1.0659568309783936, "mean": 0.07012751184933445, "min": 0.00015226227696985006}}