{"diff": {"max": 5.444248199462891, "mean": 0.4564347222652479, "min": -3.2531380653381348}, "test_regrid": {"std": 3.5181107028053114, "max": 15.851020812988281, "mean": 6.002673630235812, "min": 0.024063950404524803}, "misc": {"corr": 0.948338343840314, "rmse": 1.2131973046510554}, "unit": "m/s", "ref_regrid": {"std": 3.4694207720164516, "max": 16.001161575317383, "mean": 5.546238908196282, "min": 0.03318885713815689}}