{"diff": {"max": 12.733436584472656, "mean": 0.3865509324909944, "min": -5.696918487548828}, "test_regrid": {"std": 3.3718299539658427, "max": 16.91701889038086, "mean": 5.105918089103918, "min": 0.024063950404524803}, "misc": {"corr": 0.9433647529654714, "rmse": 1.1875500301400563}, "unit": "m/s", "ref_regrid": {"std": 3.268666166139879, "max": 16.001163482666016, "mean": 4.6718529938689475, "min": 0.022791177034378052}}