{"diff": {"max": 0.6053836345672607, "mean": -0.003854861299186473, "min": -0.06663970649242401}, "test_regrid": {"std": 0.04630803729367055, "max": 0.7738260626792908, "mean": 0.06596134799317807, "min": 0.00040843707392923534}, "misc": {"corr": 0.9100522063949639, "rmse": 0.02115732781009671}, "unit": "N/m2", "ref_regrid": {"std": 0.05016445582197721, "max": 0.2696489989757538, "mean": 0.06981620929142712, "min": 0.00015226232062559575}}