{"diff": {"max": 7.676456451416016, "mean": 0.11447645053770192, "min": -3.1442084312438965}, "test_regrid": {"std": 2.294873682453503, "max": 10.781825065612793, "mean": 3.384537622557637, "min": 0.014372269622981548}, "misc": {"corr": 0.9373085071815627, "rmse": 0.8169165124623126}, "unit": "m/s", "ref_regrid": {"std": 2.2719319084195075, "max": 10.950149536132812, "mean": 3.2700611720628285, "min": 0.01492045447230339}}