{"diff": {"max": 4.083020210266113, "mean": 0.14802951187532926, "min": -3.1442084312438965}, "test_regrid": {"std": 2.159346553294459, "max": 10.216930389404297, "mean": 4.232900269379985, "min": 0.03115437738597393}, "misc": {"corr": 0.9267575613216813, "rmse": 0.8358589461951136}, "unit": "m/s", "ref_regrid": {"std": 2.1380640631666816, "max": 9.439966201782227, "mean": 4.08487075751424, "min": 0.04571748524904251}}